# id	scope	provider	package-or-recipe	requirement
git	cli	apt	git	required
zsh	cli	apt	zsh	required
curl	cli	apt	curl	required
ca-certificates	cli	apt	ca-certificates	required
gnupg	cli	apt	gnupg	required
tar	cli	apt	tar	required
gzip	cli	apt	gzip	required
xz-utils	cli	apt	xz-utils	required
unzip	cli	apt	unzip	required
python-venv	cli	apt	python3-venv	required
go	cli	apt	golang-go	required
python	cli	apt	python3	required
uv	cli	release	uv	required
awscli	cli	apt	awscli	required
kind	cli	apt	kind	required
kubernetes-cli	cli	release	kubectl	required
opentofu	cli	release	tofu	required
podman	cli	apt	podman	required
podman-compose	cli	apt	podman-compose	required
uidmap	cli	apt	uidmap	required
passt	cli	apt	passt	required
slirp4netns	cli	apt	slirp4netns	required
fuse-overlayfs	cli	apt	fuse-overlayfs	required
crun	cli	apt	crun	required
dbus-user-session	cli	apt	dbus-user-session	required
protobuf	cli	apt	protobuf-compiler	required
zsh-autocomplete	cli	release	zsh-autocomplete	required
zsh-autosuggestions	cli	apt	zsh-autosuggestions	required
zsh-syntax-highlighting	cli	apt	zsh-syntax-highlighting	required
zsh-you-should-use	cli	release	zsh-you-should-use	required
starship	cli	apt	starship	required
bat	cli	apt	bat	required
btop	cli	apt	btop	required
dust	cli	apt	du-dust	required
eza	cli	apt	eza	required
fzf	cli	apt	fzf	required
gh	cli	apt	gh	required
git-delta	cli	apt	git-delta	required
jq	cli	apt	jq	required
lazygit	cli	apt	lazygit	required
ripgrep	cli	apt	ripgrep	required
tree	cli	apt	tree	required
yazi	cli	release	yazi	required
zoxide	cli	apt	zoxide	required
rtk	cli	release	rtk	required
bruno	desktop	release	bruno	optional
podman-desktop	desktop	release	podman-desktop	optional
ghostty	desktop	apt	ghostty	optional
github	desktop	manual	GitHub Desktop has no official Linux distribution; use Git or lazygit.	optional
jetbrains-toolbox	desktop	release	jetbrains-toolbox	optional
lapce	desktop	release	lapce	optional
fontconfig	cli	apt	fontconfig	required
font-jetbrains-mono-nerd-font	cli	release	nerd-font	optional